{
  "train_loss": [
    1.0202111270692613,
    0.7363758948114183,
    0.685966263877021,
    0.7008871859974332,
    0.678524128595988,
    0.6309684660699633,
    0.5960681902037727,
    0.5412367721398671,
    0.5090602358182271,
    0.5160855525069766,
    0.49102464252048067,
    0.5103673338890076,
    0.4929133852322896,
    0.48568438357777066,
    0.4853910207748413,
    0.4890261577235328,
    0.4753004590670268,
    0.4756808678309123,
    0.47523735099368625
  ],
  "train_acc": [
    0.7597222222222222,
    0.8861111111111111,
    0.8972222222222223,
    0.8923611111111112,
    0.9055555555555556,
    0.9395833333333333,
    0.9520833333333333,
    0.9819444444444444,
    0.9881944444444445,
    0.9847222222222223,
    0.9923611111111111,
    0.9826388888888888,
    0.9875,
    0.9930555555555556,
    0.9881944444444445,
    0.9875,
    0.9944444444444445,
    0.9923611111111111,
    0.9930555555555556
  ],
  "val_loss": [
    0.6796598606639438,
    0.6561630302005343,
    0.7025566617647807,
    0.692402085993025,
    0.6606272101402283,
    0.5287790656089782,
    0.5947971595658197,
    0.5012616488668654,
    0.4805695845021142,
    0.47362468706236943,
    0.4645607365502252,
    0.45482365091641747,
    0.4561990241209666,
    0.446804369158215,
    0.45015745957692466,
    0.446353636847602,
    0.438438755273819,
    0.438467722468906,
    0.4389134599102868
  ],
  "val_acc": [
    0.9055555555555556,
    0.9027777777777778,
    0.8861111111111111,
    0.9,
    0.9166666666666666,
    0.9833333333333333,
    0.95,
    0.9972222222222222,
    1.0,
    0.9972222222222222,
    0.9972222222222222,
    1.0,
    1.0,
    1.0,
    1.0,
    1.0,
    1.0,
    1.0,
    1.0
  ]
}